{
  "providerName": "Flat Earth TV Channel",
  "language": "en-us",
  "lastUpdated": "2025-07-10T12:42:54Z",
  "movies": [],
  "series": [
    {
      "id": "documentaries",
      "title": "Documentaries",
      "episodes": [
        {
          "id": "1",
          "title": "Antikythera Mechanism THE Mechanical Realm Flat Earth Documentary",
          "content": {
            "dateAdded": "2025-06-24T18:11:25+00:00",
            "videos": [
              {
                "url": "https://fechannel-videos.s3.us-east-1.amazonaws.com/Antikythera-mechanism-the-Mechanical-Realm-Flat-Earth-Documentary.mp4",
                "quality": "HD",
                "videoType": "MP4"
              }
            ],
            "duration": 59886
          },
          "thumbnail": "https://fechannel-videos.s3.us-east-1.amazonaws.com/Antikythera-mechanism-the-Mechanical-Realm-Flat-Earth-Documentary.jpg",
          "shortDescription": "Exploring the ancient Antikythera mechanism and its implications for understanding lost technology and history.",
          "longDescription": "Exploring the ancient Antikythera mechanism and its implications for understanding lost technology and history.",
          "tags": [
            "flat earth",
            "research",
            "documentary",
            "ancient technology",
            "history",
            "mechanical realm"
          ]
        },
        {
          "id": "3",
          "title": "Heliosorcery 2022 Exposing Occult Origins Heliocentrism Documentary",
          "content": {
            "dateAdded": "2025-04-24T22:55:27+00:00",
            "videos": [
              {
                "url": "https://fechannel-videos.s3.us-east-1.amazonaws.com/heliosorcery-2022-exposing-occult-origins-heliocentrism-documentary.mp4",
                "quality": "HD",
                "videoType": "MP4"
              }
            ],
            "duration": 37772
          },
          "thumbnail": "https://fechannel-videos.s3.us-east-1.amazonaws.com/heliosorcery-2022-exposing-occult-origins-heliocentrism-documentary.jpg",
          "shortDescription": "Documentary exposing the occult origins of heliocentrism and challenging mainstream astronomical narratives.",
          "longDescription": "Documentary exposing the occult origins of heliocentrism and challenging mainstream astronomical narratives.",
          "tags": [
            "flat earth",
            "research",
            "documentary",
            "heliocentric",
            "occult",
            "astronomy"
          ]
        },
        {
          "id": "5",
          "title": "Lost History OF Flat Earth Part 5 Eng/pl",
          "content": {
            "dateAdded": "2025-06-23T03:07:19+00:00",
            "videos": [
              {
                "url": "https://fechannel-videos.s3.us-east-1.amazonaws.com/bulk-upload/Lost%20history%20of%20flat%20earth%20part%205%20Eng%E2%A7%B8PL.mp4",
                "quality": "HD",
                "videoType": "MP4"
              }
            ],
            "duration": 13174
          },
          "thumbnail": "https://fechannel-videos.s3.us-east-1.amazonaws.com/bulk-upload/Lost%20history%20of%20flat%20earth%20part%205%20Eng%E2%A7%B8PL.png",
          "shortDescription": "Uncovering the lost history of flat earth understanding through comprehensive historical research and evidence.",
          "longDescription": "Uncovering the lost history of flat earth understanding through comprehensive historical research and evidence.",
          "tags": [
            "flat earth",
            "research",
            "documentary",
            "history",
            "evidence",
            "comprehensive"
          ]
        },
        {
          "id": "6",
          "title": "Lost History OF Flat Earth Part 4 Eng/pl",
          "content": {
            "dateAdded": "2025-06-23T03:07:12+00:00",
            "videos": [
              {
                "url": "https://fechannel-videos.s3.us-east-1.amazonaws.com/bulk-upload/Lost%20history%20of%20flat%20earth%20part%204%20Eng%E2%A7%B8PL.mp4",
                "quality": "HD",
                "videoType": "MP4"
              }
            ],
            "duration": 11706
          },
          "thumbnail": "https://fechannel-videos.s3.us-east-1.amazonaws.com/bulk-upload/Lost%20history%20of%20flat%20earth%20part%204%20Eng%E2%A7%B8PL.png",
          "shortDescription": "Uncovering the lost history of flat earth understanding through comprehensive historical research and evidence.",
          "longDescription": "Uncovering the lost history of flat earth understanding through comprehensive historical research and evidence.",
          "tags": [
            "flat earth",
            "research",
            "documentary",
            "history",
            "evidence",
            "comprehensive"
          ]
        },
        {
          "id": "7",
          "title": "Epic Deception Flat Earth Documentary",
          "content": {
            "dateAdded": "2025-04-24T22:00:25+00:00",
            "videos": [
              {
                "url": "https://fechannel-videos.s3.us-east-1.amazonaws.com/epic-deception-flat-earth-documentary%EF%B8%8F.mp4",
                "quality": "HD",
                "videoType": "MP4"
              }
            ],
            "duration": 8445
          },
          "thumbnail": "https://fechannel-videos.s3.us-east-1.amazonaws.com/epic-deception-flat-earth-documentary%EF%B8%8F.jpg",
          "shortDescription": "Educational content exploring alternative perspectives on epic deception flat earth documentary and related flat earth research.",
          "longDescription": "Educational content exploring alternative perspectives on epic deception flat earth documentary and related flat earth research.",
          "tags": [
            "flat earth",
            "research",
            "documentary",
            "education",
            "theory",
            "analysis"
          ]
        },
        {
          "id": "8",
          "title": "Lost History OF Flat Earth Part 6 Eng/pl",
          "content": {
            "dateAdded": "2025-06-23T03:07:26+00:00",
            "videos": [
              {
                "url": "https://fechannel-videos.s3.us-east-1.amazonaws.com/bulk-upload/Lost%20history%20of%20flat%20earth%20part%206%20Eng%E2%A7%B8PL.mp4",
                "quality": "HD",
                "videoType": "MP4"
              }
            ],
            "duration": 8355
          },
          "thumbnail": "https://fechannel-videos.s3.us-east-1.amazonaws.com/bulk-upload/Lost%20history%20of%20flat%20earth%20part%206%20Eng%E2%A7%B8PL.png",
          "shortDescription": "Uncovering the lost history of flat earth understanding through comprehensive historical research and evidence.",
          "longDescription": "Uncovering the lost history of flat earth understanding through comprehensive historical research and evidence.",
          "tags": [
            "flat earth",
            "research",
            "documentary",
            "history",
            "evidence",
            "comprehensive"
          ]
        },
        {
          "id": "10",
          "title": "Lost History OF Flat Earth Part 7 Eng/pl",
          "content": {
            "dateAdded": "2025-06-23T03:07:30+00:00",
            "videos": [
              {
                "url": "https://fechannel-videos.s3.us-east-1.amazonaws.com/bulk-upload/Lost%20history%20of%20flat%20earth%20part%207%20Eng%E2%A7%B8PL.mp4",
                "quality": "HD",
                "videoType": "MP4"
              }
            ],
            "duration": 8184
          },
          "thumbnail": "https://fechannel-videos.s3.us-east-1.amazonaws.com/bulk-upload/Lost%20history%20of%20flat%20earth%20part%207%20Eng%E2%A7%B8PL.png",
          "shortDescription": "Uncovering the lost history of flat earth understanding through comprehensive historical research and evidence.",
          "longDescription": "Uncovering the lost history of flat earth understanding through comprehensive historical research and evidence.",
          "tags": [
            "flat earth",
            "research",
            "documentary",
            "history",
            "evidence",
            "comprehensive"
          ]
        },
        {
          "id": "11",
          "title": "Level 2021 Flat Earth Documentary",
          "content": {
            "dateAdded": "2025-04-24T22:01:57+00:00",
            "videos": [
              {
                "url": "https://fechannel-videos.s3.us-east-1.amazonaws.com/level-2021-flat-earth-documentary.mp4",
                "quality": "HD",
                "videoType": "MP4"
              }
            ],
            "duration": 7402
          },
          "thumbnail": "https://fechannel-videos.s3.us-east-1.amazonaws.com/level-2021-flat-earth-documentary.jpg",
          "shortDescription": "Documentary exploring flat earth evidence and challenging globe earth assumptions with scientific analysis.",
          "longDescription": "Documentary exploring flat earth evidence and challenging globe earth assumptions with scientific analysis.",
          "tags": [
            "flat earth",
            "research",
            "documentary",
            "science",
            "evidence",
            "investigation"
          ]
        },
        {
          "id": "13",
          "title": "Lost History OF Flat Earth Part 1,2 Eng/pl",
          "content": {
            "dateAdded": "2025-06-23T03:07:08+00:00",
            "videos": [
              {
                "url": "https://fechannel-videos.s3.us-east-1.amazonaws.com/bulk-upload/Lost%20history%20of%20flat%20earth%20part%201%2C2%20Eng%E2%A7%B8PL.mp4",
                "quality": "HD",
                "videoType": "MP4"
              }
            ],
            "duration": 6999
          },
          "thumbnail": "https://fechannel-videos.s3.us-east-1.amazonaws.com/bulk-upload/Lost%20history%20of%20flat%20earth%20part%201%2C2%20Eng%E2%A7%B8PL.png",
          "shortDescription": "Uncovering the lost history of flat earth understanding through comprehensive historical research and evidence.",
          "longDescription": "Uncovering the lost history of flat earth understanding through comprehensive historical research and evidence.",
          "tags": [
            "flat earth",
            "research",
            "documentary",
            "history",
            "evidence",
            "comprehensive"
          ]
        },
        {
          "id": "15",
          "title": "What ON Earth Happened ? Part 13 Eng/pl",
          "content": {
            "dateAdded": "2025-06-23T03:07:40+00:00",
            "videos": [
              {
                "url": "https://fechannel-videos.s3.us-east-1.amazonaws.com/bulk-upload/What%20on%20Earth%20happened%20%EF%BC%9F%20Part%2013%20Eng%E2%A7%B8PL.mp4",
                "quality": "HD",
                "videoType": "MP4"
              }
            ],
            "duration": 5136
          },
          "thumbnail": "https://fechannel-videos.s3.us-east-1.amazonaws.com/bulk-upload/What%20on%20Earth%20happened%20%EF%BC%9F%20Part%2013%20Eng%E2%A7%B8PL.png",
          "shortDescription": "Comprehensive series exploring alternative perspectives on Earth's history and challenging conventional narratives.",
          "longDescription": "Comprehensive series exploring alternative perspectives on Earth's history and challenging conventional narratives.",
          "tags": [
            "flat earth",
            "research",
            "documentary",
            "history",
            "alternative",
            "series"
          ]
        },
        {
          "id": "16",
          "title": "Lost History OF Flat Earth Part 3 Eng/pl",
          "content": {
            "dateAdded": "2025-06-23T03:07:52+00:00",
            "videos": [
              {
                "url": "https://fechannel-videos.s3.us-east-1.amazonaws.com/bulk-upload/lost%20history%20of%20flat%20earth%20part%203%20Eng%E2%A7%B8PL.mp4",
                "quality": "HD",
                "videoType": "MP4"
              }
            ],
            "duration": 4557
          },
          "thumbnail": "https://fechannel-videos.s3.us-east-1.amazonaws.com/bulk-upload/lost%20history%20of%20flat%20earth%20part%203%20Eng%E2%A7%B8PL.png",
          "shortDescription": "Uncovering the lost history of flat earth understanding through comprehensive historical research and evidence.",
          "longDescription": "Uncovering the lost history of flat earth understanding through comprehensive historical research and evidence.",
          "tags": [
            "flat earth",
            "research",
            "documentary",
            "history",
            "evidence",
            "comprehensive"
          ]
        },
        {
          "id": "17",
          "title": "What ON Earth Happened ? Part 8 Eng/pl",
          "content": {
            "dateAdded": "2025-06-23T03:07:48+00:00",
            "videos": [
              {
                "url": "https://fechannel-videos.s3.us-east-1.amazonaws.com/bulk-upload/What%20on%20Earth%20happened%20%EF%BC%9F%20Part%208%20Eng%E2%A7%B8PL.mp4",
                "quality": "HD",
                "videoType": "MP4"
              }
            ],
            "duration": 4415
          },
          "thumbnail": "https://fechannel-videos.s3.us-east-1.amazonaws.com/bulk-upload/What%20on%20Earth%20happened%20%EF%BC%9F%20Part%208%20Eng%E2%A7%B8PL.png",
          "shortDescription": "Comprehensive series exploring alternative perspectives on Earth's history and challenging conventional narratives.",
          "longDescription": "Comprehensive series exploring alternative perspectives on Earth's history and challenging conventional narratives.",
          "tags": [
            "flat earth",
            "research",
            "documentary",
            "history",
            "alternative",
            "series"
          ]
        },
        {
          "id": "18",
          "title": "What ON Earth Happened ? Part 10 Eng/pl",
          "content": {
            "dateAdded": "2025-06-23T03:07:36+00:00",
            "videos": [
              {
                "url": "https://fechannel-videos.s3.us-east-1.amazonaws.com/bulk-upload/What%20on%20Earth%20happened%20%EF%BC%9F%20Part%2010%20Eng%E2%A7%B8PL.mp4",
                "quality": "HD",
                "videoType": "MP4"
              }
            ],
            "duration": 4230
          },
          "thumbnail": "https://fechannel-videos.s3.us-east-1.amazonaws.com/bulk-upload/What%20on%20Earth%20happened%20%EF%BC%9F%20Part%2010%20Eng%E2%A7%B8PL.png",
          "shortDescription": "Comprehensive series exploring alternative perspectives on Earth's history and challenging conventional narratives.",
          "longDescription": "Comprehensive series exploring alternative perspectives on Earth's history and challenging conventional narratives.",
          "tags": [
            "flat earth",
            "research",
            "documentary",
            "history",
            "alternative",
            "series"
          ]
        },
        {
          "id": "19",
          "title": "What ON Earth Happened ? Part 7 Eng/pl",
          "content": {
            "dateAdded": "2025-06-23T03:07:46+00:00",
            "videos": [
              {
                "url": "https://fechannel-videos.s3.us-east-1.amazonaws.com/bulk-upload/What%20on%20Earth%20happened%20%EF%BC%9F%20Part%207%20Eng%E2%A7%B8PL.mp4",
                "quality": "HD",
                "videoType": "MP4"
              }
            ],
            "duration": 3850
          },
          "thumbnail": "https://fechannel-videos.s3.us-east-1.amazonaws.com/bulk-upload/What%20on%20Earth%20happened%20%EF%BC%9F%20Part%207%20Eng%E2%A7%B8PL.png",
          "shortDescription": "Comprehensive series exploring alternative perspectives on Earth's history and challenging conventional narratives.",
          "longDescription": "Comprehensive series exploring alternative perspectives on Earth's history and challenging conventional narratives.",
          "tags": [
            "flat earth",
            "research",
            "documentary",
            "history",
            "alternative",
            "series"
          ]
        },
        {
          "id": "20",
          "title": "What ON Earth Happened ? Part 9 Eng/pl",
          "content": {
            "dateAdded": "2025-06-23T03:07:50+00:00",
            "videos": [
              {
                "url": "https://fechannel-videos.s3.us-east-1.amazonaws.com/bulk-upload/What%20on%20Earth%20happened%20%EF%BC%9F%20Part%209%20Eng%E2%A7%B8PL.mp4",
                "quality": "HD",
                "videoType": "MP4"
              }
            ],
            "duration": 3318
          },
          "thumbnail": "https://fechannel-videos.s3.us-east-1.amazonaws.com/bulk-upload/What%20on%20Earth%20happened%20%EF%BC%9F%20Part%209%20Eng%E2%A7%B8PL.png",
          "shortDescription": "Comprehensive series exploring alternative perspectives on Earth's history and challenging conventional narratives.",
          "longDescription": "Comprehensive series exploring alternative perspectives on Earth's history and challenging conventional narratives.",
          "tags": [
            "flat earth",
            "research",
            "documentary",
            "history",
            "alternative",
            "series"
          ]
        },
        {
          "id": "23",
          "title": "What ON Earth Happened ? Part 11 Eng/pl",
          "content": {
            "dateAdded": "2025-06-23T03:07:38+00:00",
            "videos": [
              {
                "url": "https://fechannel-videos.s3.us-east-1.amazonaws.com/bulk-upload/What%20on%20Earth%20happened%20%EF%BC%9F%20Part%2011%20Eng%E2%A7%B8PL.mp4",
                "quality": "HD",
                "videoType": "MP4"
              }
            ],
            "duration": 3108
          },
          "thumbnail": "https://fechannel-videos.s3.us-east-1.amazonaws.com/bulk-upload/What%20on%20Earth%20happened%20%EF%BC%9F%20Part%2011%20Eng%E2%A7%B8PL.png",
          "shortDescription": "Comprehensive series exploring alternative perspectives on Earth's history and challenging conventional narratives.",
          "longDescription": "Comprehensive series exploring alternative perspectives on Earth's history and challenging conventional narratives.",
          "tags": [
            "flat earth",
            "research",
            "documentary",
            "history",
            "alternative",
            "series"
          ]
        },
        {
          "id": "24",
          "title": "What ON Earth Happened ? Part 2 Eng/pl",
          "content": {
            "dateAdded": "2025-06-23T03:07:43+00:00",
            "videos": [
              {
                "url": "https://fechannel-videos.s3.us-east-1.amazonaws.com/bulk-upload/What%20on%20Earth%20happened%20%EF%BC%9F%20Part%202%20Eng%E2%A7%B8PL.mp4",
                "quality": "HD",
                "videoType": "MP4"
              }
            ],
            "duration": 2601
          },
          "thumbnail": "https://fechannel-videos.s3.us-east-1.amazonaws.com/bulk-upload/What%20on%20Earth%20happened%20%EF%BC%9F%20Part%202%20Eng%E2%A7%B8PL.png",
          "shortDescription": "Comprehensive series exploring alternative perspectives on Earth's history and challenging conventional narratives.",
          "longDescription": "Comprehensive series exploring alternative perspectives on Earth's history and challenging conventional narratives.",
          "tags": [
            "flat earth",
            "research",
            "documentary",
            "history",
            "alternative",
            "series"
          ]
        }
      ]
    },
    {
      "id": "featured",
      "title": "Featured Videos",
      "episodes": [
        {
          "id": "2",
          "title": "Water Bubbles IN Space",
          "content": {
            "dateAdded": "2025-07-09T23:19:03+00:00",
            "videos": [
              {
                "url": "https://fechannel-videos.s3.us-east-1.amazonaws.com/water-bubbles-in-space.mp4",
                "quality": "HD",
                "videoType": "MP4"
              }
            ],
            "duration": 42368
          },
          "thumbnail": "https://fechannel-videos.s3.us-east-1.amazonaws.com/water-bubbles-in-space.jpg",
          "shortDescription": "Educational content exploring alternative perspectives on water bubbles in space and related flat earth research.",
          "longDescription": "Educational content exploring alternative perspectives on water bubbles in space and related flat earth research.",
          "tags": [
            "flat earth",
            "research",
            "documentary",
            "education",
            "theory",
            "analysis"
          ]
        },
        {
          "id": "9",
          "title": "WHY ON Earth Would Anyone Trust NASA",
          "content": {
            "dateAdded": "2025-04-24T22:29:15+00:00",
            "videos": [
              {
                "url": "https://fechannel-videos.s3.us-east-1.amazonaws.com/why-on-earth-would-anyone-trust-nasa.mp4",
                "quality": "HD",
                "videoType": "MP4"
              }
            ],
            "duration": 8251
          },
          "thumbnail": "https://fechannel-videos.s3.us-east-1.amazonaws.com/Why-On-Earth-Would-Anyone-Trust-NASA.jpg",
          "shortDescription": "Critical examination of NASA claims and questioning the reliability of space agency narratives.",
          "longDescription": "Critical examination of NASA claims and questioning the reliability of space agency narratives.",
          "tags": [
            "flat earth",
            "research",
            "documentary",
            "nasa",
            "space agency",
            "investigation"
          ]
        },
        {
          "id": "12",
          "title": "Flat Earth Video 57 Smooth Criminal",
          "content": {
            "dateAdded": "2025-07-09T23:15:05+00:00",
            "videos": [
              {
                "url": "https://fechannel-videos.s3.us-east-1.amazonaws.com/flat-earth-video-57-smooth-criminal.mp4",
                "quality": "HD",
                "videoType": "MP4"
              }
            ],
            "duration": 7064
          },
          "thumbnail": "https://fechannel-videos.s3.us-east-1.amazonaws.com/flat-earth-video-57-smooth-criminal.jpg",
          "shortDescription": "Educational content exploring alternative perspectives on flat earth video 57 smooth criminal and related flat earth research.",
          "longDescription": "Educational content exploring alternative perspectives on flat earth video 57 smooth criminal and related flat earth research.",
          "tags": [
            "flat earth",
            "research",
            "documentary",
            "education",
            "theory",
            "analysis"
          ]
        },
        {
          "id": "21",
          "title": "DO WE Really Live ON A Globe Optimized",
          "content": {
            "dateAdded": "2025-07-02T13:47:19+00:00",
            "videos": [
              {
                "url": "https://fechannel-videos.s3.us-east-1.amazonaws.com/do-we-really-live-on-a-globe-optimized.mp4",
                "quality": "HD",
                "videoType": "MP4"
              }
            ],
            "duration": 3163
          },
          "thumbnail": "https://fechannel-videos.s3.us-east-1.amazonaws.com/do-we-live-on-globe-fittest-flat-earther.jpg",
          "shortDescription": "Questioning the globe earth model with evidence-based analysis and alternative perspectives.",
          "longDescription": "Questioning the globe earth model with evidence-based analysis and alternative perspectives.",
          "tags": [
            "flat earth",
            "research",
            "documentary",
            "education",
            "theory",
            "analysis"
          ]
        },
        {
          "id": "22",
          "title": "DO WE Really Live ON A Globe",
          "content": {
            "dateAdded": "2025-06-24T17:42:10+00:00",
            "videos": [
              {
                "url": "https://fechannel-videos.s3.us-east-1.amazonaws.com/do-we-really-live-on-a-globe.mp4",
                "quality": "HD",
                "videoType": "MP4"
              }
            ],
            "duration": 3122
          },
          "thumbnail": "https://fechannel-videos.s3.us-east-1.amazonaws.com/do-we-live-on-globe-fittest-flat-earther.jpg",
          "shortDescription": "Questioning the globe earth model with evidence-based analysis and alternative perspectives.",
          "longDescription": "Questioning the globe earth model with evidence-based analysis and alternative perspectives.",
          "tags": [
            "flat earth",
            "research",
            "documentary",
            "education",
            "theory",
            "analysis"
          ]
        }
      ]
    },
    {
      "id": "educational",
      "title": "Educational Content",
      "episodes": [
        {
          "id": "4",
          "title": "THE Next Level 2022 Hibbler Productions",
          "content": {
            "dateAdded": "2025-04-24T22:58:15+00:00",
            "videos": [
              {
                "url": "https://fechannel-videos.s3.us-east-1.amazonaws.com/the-next-level-2022-hibbler-productions.mp4",
                "quality": "HD",
                "videoType": "MP4"
              }
            ],
            "duration": 16091
          },
          "thumbnail": "https://fechannel-videos.s3.us-east-1.amazonaws.com/the-next-level-2022-hibbler-productions.jpg",
          "shortDescription": "Educational content exploring alternative perspectives on the next level 2022 hibbler productions and related flat earth research.",
          "longDescription": "Educational content exploring alternative perspectives on the next level 2022 hibbler productions and related flat earth research.",
          "tags": [
            "flat earth",
            "research",
            "documentary",
            "science",
            "evidence",
            "investigation"
          ]
        },
        {
          "id": "14",
          "title": "Level With ME 2023",
          "content": {
            "dateAdded": "2025-04-24T20:48:19+00:00",
            "videos": [
              {
                "url": "https://fechannel-videos.s3.us-east-1.amazonaws.com/level-with-me-2023.mp4",
                "quality": "HD",
                "videoType": "MP4"
              }
            ],
            "duration": 6363
          },
          "thumbnail": "https://fechannel-videos.s3.us-east-1.amazonaws.com/level-with-me-2023.jpg",
          "shortDescription": "Educational content exploring alternative perspectives on level with me 2023 and related flat earth research.",
          "longDescription": "Educational content exploring alternative perspectives on level with me 2023 and related flat earth research.",
          "tags": [
            "flat earth",
            "research",
            "documentary",
            "science",
            "evidence",
            "investigation"
          ]
        }
      ]
    }
  ]
}